ts_code,trade_date,mapping_ts_code
LC.GFE,20251030,LC2601.GFE
LC.GFE,20251029,LC2601.GFE
LC.GFE,20251028,LC2601.GFE
LC.GFE,20251027,LC2601.GFE
LC.GFE,20251024,LC2601.GFE
LC.GFE,20251023,LC2601.GFE
LC.GFE,20251022,LC2601.GFE
LC.GFE,20251021,LC2601.GFE
LC.GFE,20251020,LC2511.GFE
LC.GFE,20251017,LC2511.GFE
LC.GFE,20251016,LC2511.GFE
LC.GFE,20251015,LC2511.GFE
LC.GFE,20251014,LC2511.GFE
LC.GFE,20251013,LC2511.GFE
LC.GFE,20251010,LC2511.GFE
LC.GFE,20251009,LC2511.GFE
LC.GFE,20250930,LC2511.GFE
LC.GFE,20250929,LC2511.GFE
LC.GFE,20250926,LC2511.GFE
LC.GFE,20250925,LC2511.GFE
LC.GFE,20250924,LC2511.GFE
LC.GFE,20250923,LC2511.GFE
LC.GFE,20250922,LC2511.GFE
LC.GFE,20250919,LC2511.GFE
LC.GFE,20250918,LC2511.GFE
LC.GFE,20250917,LC2511.GFE
LC.GFE,20250916,LC2511.GFE
LC.GFE,20250915,LC2511.GFE
LC.GFE,20250912,LC2511.GFE
LC.GFE,20250911,LC2511.GFE
LC.GFE,20250910,LC2511.GFE
LC.GFE,20250909,LC2511.GFE
LC.GFE,20250908,LC2511.GFE
LC.GFE,20250905,LC2511.GFE
LC.GFE,20250904,LC2511.GFE
LC.GFE,20250903,LC2511.GFE
LC.GFE,20250902,LC2511.GFE
LC.GFE,20250901,LC2511.GFE
LC.GFE,20250829,LC2511.GFE
LC.GFE,20250828,LC2511.GFE
LC.GFE,20250827,LC2511.GFE
LC.GFE,20250826,LC2511.GFE
LC.GFE,20250825,LC2511.GFE
LC.GFE,20250822,LC2511.GFE
LC.GFE,20250821,LC2511.GFE
LC.GFE,20250820,LC2511.GFE
LC.GFE,20250819,LC2511.GFE
LC.GFE,20250818,LC2511.GFE
LC.GFE,20250815,LC2511.GFE
LC.GFE,20250814,LC2511.GFE
LC.GFE,20250813,LC2511.GFE
LC.GFE,20250812,LC2511.GFE
LC.GFE,20250811,LC2511.GFE
LC.GFE,20250808,LC2511.GFE
LC.GFE,20250807,LC2511.GFE
LC.GFE,20250806,LC2511.GFE
LC.GFE,20250805,LC2511.GFE
LC.GFE,20250804,LC2509.GFE
LC.GFE,20250801,LC2509.GFE
LC.GFE,20250731,LC2509.GFE
LC.GFE,20250730,LC2509.GFE
LC.GFE,20250729,LC2509.GFE
LC.GFE,20250728,LC2509.GFE
LC.GFE,20250725,LC2509.GFE
LC.GFE,20250724,LC2509.GFE
LC.GFE,20250723,LC2509.GFE
LC.GFE,20250722,LC2509.GFE
LC.GFE,20250721,LC2509.GFE
LC.GFE,20250718,LC2509.GFE
LC.GFE,20250717,LC2509.GFE
LC.GFE,20250716,LC2509.GFE
LC.GFE,20250715,LC2509.GFE
LC.GFE,20250714,LC2509.GFE
LC.GFE,20250711,LC2509.GFE
LC.GFE,20250710,LC2509.GFE
LC.GFE,20250709,LC2509.GFE
LC.GFE,20250708,LC2509.GFE
LC.GFE,20250707,LC2509.GFE
LC.GFE,20250704,LC2509.GFE
LC.GFE,20250703,LC2509.GFE
LC.GFE,20250702,LC2509.GFE
LC.GFE,20250701,LC2509.GFE
LC.GFE,20250630,LC2509.GFE
LC.GFE,20250627,LC2509.GFE
LC.GFE,20250626,LC2509.GFE
LC.GFE,20250625,LC2509.GFE
LC.GFE,20250624,LC2509.GFE
LC.GFE,20250623,LC2509.GFE
LC.GFE,20250620,LC2509.GFE
LC.GFE,20250619,LC2509.GFE
LC.GFE,20250618,LC2509.GFE
LC.GFE,20250617,LC2509.GFE
LC.GFE,20250616,LC2509.GFE
LC.GFE,20250613,LC2507.GFE
LC.GFE,20250612,LC2507.GFE
LC.GFE,20250611,LC2507.GFE
LC.GFE,20250610,LC2507.GFE
LC.GFE,20250609,LC2507.GFE
LC.GFE,20250606,LC2507.GFE
LC.GFE,20250605,LC2507.GFE
LC.GFE,20250604,LC2507.GFE
LC.GFE,20250603,LC2507.GFE
LC.GFE,20250530,LC2507.GFE
LC.GFE,20250529,LC2507.GFE
LC.GFE,20250528,LC2507.GFE
LC.GFE,20250527,LC2507.GFE
LC.GFE,20250526,LC2507.GFE
LC.GFE,20250523,LC2507.GFE
LC.GFE,20250522,LC2507.GFE
LC.GFE,20250521,LC2507.GFE
LC.GFE,20250520,LC2507.GFE
LC.GFE,20250519,LC2507.GFE
LC.GFE,20250516,LC2507.GFE
LC.GFE,20250515,LC2507.GFE
LC.GFE,20250514,LC2507.GFE
LC.GFE,20250513,LC2507.GFE
LC.GFE,20250512,LC2507.GFE
LC.GFE,20250509,LC2507.GFE
LC.GFE,20250508,LC2507.GFE
LC.GFE,20250507,LC2507.GFE
LC.GFE,20250506,LC2507.GFE
LC.GFE,20250430,LC2507.GFE
LC.GFE,20250429,LC2507.GFE
LC.GFE,20250428,LC2507.GFE
LC.GFE,20250425,LC2507.GFE
LC.GFE,20250424,LC2507.GFE
LC.GFE,20250423,LC2507.GFE
LC.GFE,20250422,LC2507.GFE
LC.GFE,20250421,LC2507.GFE
LC.GFE,20250418,LC2507.GFE
LC.GFE,20250417,LC2505.GFE
LC.GFE,20250416,LC2505.GFE
LC.GFE,20250415,LC2505.GFE
LC.GFE,20250414,LC2505.GFE
LC.GFE,20250411,LC2505.GFE
LC.GFE,20250410,LC2505.GFE
LC.GFE,20250409,LC2505.GFE
LC.GFE,20250408,LC2505.GFE
LC.GFE,20250407,LC2505.GFE
LC.GFE,20250403,LC2505.GFE
LC.GFE,20250402,LC2505.GFE
LC.GFE,20250401,LC2505.GFE
LC.GFE,20250331,LC2505.GFE
LC.GFE,20250328,LC2505.GFE
LC.GFE,20250327,LC2505.GFE
LC.GFE,20250326,LC2505.GFE
LC.GFE,20250325,LC2505.GFE
LC.GFE,20250324,LC2505.GFE
LC.GFE,20250321,LC2505.GFE
LC.GFE,20250320,LC2505.GFE
LC.GFE,20250319,LC2505.GFE
LC.GFE,20250318,LC2505.GFE
LC.GFE,20250317,LC2505.GFE
LC.GFE,20250314,LC2505.GFE
LC.GFE,20250313,LC2505.GFE
LC.GFE,20250312,LC2505.GFE
LC.GFE,20250311,LC2505.GFE
LC.GFE,20250310,LC2505.GFE
LC.GFE,20250307,LC2505.GFE
LC.GFE,20250306,LC2505.GFE
LC.GFE,20250305,LC2505.GFE
LC.GFE,20250304,LC2505.GFE
LC.GFE,20250303,LC2505.GFE
LC.GFE,20250228,LC2505.GFE
LC.GFE,20250227,LC2505.GFE
LC.GFE,20250226,LC2505.GFE
LC.GFE,20250225,LC2505.GFE
LC.GFE,20250224,LC2505.GFE
LC.GFE,20250221,LC2505.GFE
LC.GFE,20250220,LC2505.GFE
LC.GFE,20250219,LC2505.GFE
LC.GFE,20250218,LC2505.GFE
LC.GFE,20250217,LC2505.GFE
LC.GFE,20250214,LC2505.GFE
LC.GFE,20250213,LC2505.GFE
LC.GFE,20250212,LC2505.GFE
LC.GFE,20250211,LC2505.GFE
LC.GFE,20250210,LC2505.GFE
LC.GFE,20250207,LC2505.GFE
LC.GFE,20250206,LC2505.GFE
LC.GFE,20250205,LC2505.GFE
LC.GFE,20250127,LC2505.GFE
LC.GFE,20250124,LC2505.GFE
LC.GFE,20250123,LC2505.GFE
LC.GFE,20250122,LC2505.GFE
LC.GFE,20250121,LC2505.GFE
LC.GFE,20250120,LC2505.GFE
LC.GFE,20250117,LC2505.GFE
LC.GFE,20250116,LC2505.GFE
LC.GFE,20250115,LC2505.GFE
LC.GFE,20250114,LC2505.GFE
LC.GFE,20250113,LC2505.GFE
LC.GFE,20250110,LC2505.GFE
LC.GFE,20250109,LC2505.GFE
LC.GFE,20250108,LC2505.GFE
LC.GFE,20250107,LC2505.GFE
LC.GFE,20250106,LC2505.GFE
LC.GFE,20250103,LC2505.GFE
LC.GFE,20250102,LC2505.GFE
LC.GFE,20241231,LC2505.GFE
LC.GFE,20241230,LC2505.GFE
LC.GFE,20241227,LC2505.GFE
LC.GFE,20241226,LC2505.GFE
LC.GFE,20241225,LC2505.GFE
LC.GFE,20241224,LC2505.GFE
LC.GFE,20241223,LC2505.GFE
LC.GFE,20241220,LC2505.GFE
LC.GFE,20241219,LC2501.GFE
LC.GFE,20241218,LC2501.GFE
LC.GFE,20241217,LC2501.GFE
LC.GFE,20241216,LC2501.GFE
LC.GFE,20241213,LC2501.GFE
LC.GFE,20241212,LC2501.GFE
LC.GFE,20241211,LC2501.GFE
LC.GFE,20241210,LC2501.GFE
LC.GFE,20241209,LC2501.GFE
LC.GFE,20241206,LC2501.GFE
LC.GFE,20241205,LC2501.GFE
LC.GFE,20241204,LC2501.GFE
LC.GFE,20241203,LC2501.GFE
LC.GFE,20241202,LC2501.GFE
LC.GFE,20241129,LC2501.GFE
LC.GFE,20241128,LC2501.GFE
LC.GFE,20241127,LC2501.GFE
LC.GFE,20241126,LC2501.GFE
LC.GFE,20241125,LC2501.GFE
LC.GFE,20241122,LC2501.GFE
LC.GFE,20241121,LC2501.GFE
LC.GFE,20241120,LC2501.GFE
LC.GFE,20241119,LC2501.GFE
LC.GFE,20241118,LC2501.GFE
LC.GFE,20241115,LC2501.GFE
LC.GFE,20241114,LC2501.GFE
LC.GFE,20241113,LC2501.GFE
LC.GFE,20241112,LC2501.GFE
LC.GFE,20241111,LC2501.GFE
LC.GFE,20241108,LC2501.GFE
LC.GFE,20241107,LC2501.GFE
LC.GFE,20241106,LC2501.GFE
LC.GFE,20241105,LC2501.GFE
LC.GFE,20241104,LC2501.GFE
LC.GFE,20241101,LC2501.GFE
LC.GFE,20241031,LC2501.GFE
LC.GFE,20241030,LC2501.GFE
LC.GFE,20241029,LC2501.GFE
LC.GFE,20241028,LC2501.GFE
LC.GFE,20241025,LC2501.GFE
LC.GFE,20241024,LC2501.GFE
LC.GFE,20241023,LC2501.GFE
LC.GFE,20241022,LC2501.GFE
LC.GFE,20241021,LC2501.GFE
LC.GFE,20241018,LC2411.GFE
LC.GFE,20241017,LC2411.GFE
LC.GFE,20241016,LC2411.GFE
LC.GFE,20241015,LC2411.GFE
LC.GFE,20241014,LC2411.GFE
LC.GFE,20241011,LC2411.GFE
LC.GFE,20241010,LC2411.GFE
LC.GFE,20241009,LC2411.GFE
LC.GFE,20241008,LC2411.GFE
LC.GFE,20240930,LC2411.GFE
LC.GFE,20240927,LC2411.GFE
LC.GFE,20240926,LC2411.GFE
LC.GFE,20240925,LC2411.GFE
LC.GFE,20240924,LC2411.GFE
LC.GFE,20240923,LC2411.GFE
LC.GFE,20240920,LC2411.GFE
LC.GFE,20240919,LC2411.GFE
LC.GFE,20240918,LC2411.GFE
LC.GFE,20240913,LC2411.GFE
LC.GFE,20240912,LC2411.GFE
LC.GFE,20240911,LC2411.GFE
LC.GFE,20240910,LC2411.GFE
LC.GFE,20240909,LC2411.GFE
LC.GFE,20240906,LC2411.GFE
LC.GFE,20240905,LC2411.GFE
LC.GFE,20240904,LC2411.GFE
LC.GFE,20240903,LC2411.GFE
LC.GFE,20240902,LC2411.GFE
LC.GFE,20240830,LC2411.GFE
LC.GFE,20240829,LC2411.GFE
LC.GFE,20240828,LC2411.GFE
LC.GFE,20240827,LC2411.GFE
LC.GFE,20240826,LC2411.GFE
LC.GFE,20240823,LC2411.GFE
LC.GFE,20240822,LC2411.GFE
LC.GFE,20240821,LC2411.GFE
LC.GFE,20240820,LC2411.GFE
LC.GFE,20240819,LC2411.GFE
LC.GFE,20240816,LC2411.GFE
LC.GFE,20240815,LC2411.GFE
LC.GFE,20240814,LC2411.GFE
LC.GFE,20240813,LC2411.GFE
LC.GFE,20240812,LC2411.GFE
LC.GFE,20240809,LC2411.GFE
LC.GFE,20240808,LC2411.GFE
LC.GFE,20240807,LC2411.GFE
LC.GFE,20240806,LC2411.GFE
LC.GFE,20240805,LC2411.GFE
LC.GFE,20240802,LC2411.GFE
LC.GFE,20240801,LC2411.GFE
LC.GFE,20240731,LC2411.GFE
LC.GFE,20240730,LC2411.GFE
LC.GFE,20240729,LC2411.GFE
LC.GFE,20240726,LC2411.GFE
LC.GFE,20240725,LC2411.GFE
LC.GFE,20240724,LC2411.GFE
LC.GFE,20240723,LC2411.GFE
LC.GFE,20240722,LC2411.GFE
LC.GFE,20240719,LC2411.GFE
LC.GFE,20240718,LC2411.GFE
LC.GFE,20240717,LC2411.GFE
LC.GFE,20240716,LC2411.GFE
LC.GFE,20240715,LC2411.GFE
LC.GFE,20240712,LC2411.GFE
LC.GFE,20240711,LC2411.GFE
LC.GFE,20240710,LC2411.GFE
LC.GFE,20240709,LC2411.GFE
LC.GFE,20240708,LC2411.GFE
LC.GFE,20240705,LC2411.GFE
LC.GFE,20240704,LC2411.GFE
LC.GFE,20240703,LC2411.GFE
LC.GFE,20240702,LC2411.GFE
LC.GFE,20240701,LC2411.GFE
LC.GFE,20240628,LC2411.GFE
LC.GFE,20240627,LC2411.GFE
LC.GFE,20240626,LC2407.GFE
LC.GFE,20240625,LC2407.GFE
LC.GFE,20240624,LC2407.GFE
LC.GFE,20240621,LC2407.GFE
LC.GFE,20240620,LC2407.GFE
LC.GFE,20240619,LC2407.GFE
LC.GFE,20240618,LC2407.GFE
LC.GFE,20240617,LC2407.GFE
LC.GFE,20240614,LC2407.GFE
LC.GFE,20240613,LC2407.GFE
LC.GFE,20240612,LC2407.GFE
LC.GFE,20240611,LC2407.GFE
LC.GFE,20240607,LC2407.GFE
LC.GFE,20240606,LC2407.GFE
LC.GFE,20240605,LC2407.GFE
LC.GFE,20240604,LC2407.GFE
LC.GFE,20240603,LC2407.GFE
LC.GFE,20240531,LC2407.GFE
LC.GFE,20240530,LC2407.GFE
LC.GFE,20240529,LC2407.GFE
LC.GFE,20240528,LC2407.GFE
LC.GFE,20240527,LC2407.GFE
LC.GFE,20240524,LC2407.GFE
LC.GFE,20240523,LC2407.GFE
LC.GFE,20240522,LC2407.GFE
LC.GFE,20240521,LC2407.GFE
LC.GFE,20240520,LC2407.GFE
LC.GFE,20240517,LC2407.GFE
LC.GFE,20240516,LC2407.GFE
LC.GFE,20240515,LC2407.GFE
LC.GFE,20240514,LC2407.GFE
LC.GFE,20240513,LC2407.GFE
LC.GFE,20240510,LC2407.GFE
LC.GFE,20240509,LC2407.GFE
LC.GFE,20240508,LC2407.GFE
LC.GFE,20240507,LC2407.GFE
LC.GFE,20240506,LC2407.GFE
LC.GFE,20240430,LC2407.GFE
LC.GFE,20240429,LC2407.GFE
LC.GFE,20240426,LC2407.GFE
LC.GFE,20240425,LC2407.GFE
LC.GFE,20240424,LC2407.GFE
LC.GFE,20240423,LC2407.GFE
LC.GFE,20240422,LC2407.GFE
LC.GFE,20240419,LC2407.GFE
LC.GFE,20240418,LC2407.GFE
LC.GFE,20240417,LC2407.GFE
LC.GFE,20240416,LC2407.GFE
LC.GFE,20240415,LC2407.GFE
LC.GFE,20240412,LC2407.GFE
LC.GFE,20240411,LC2407.GFE
LC.GFE,20240410,LC2407.GFE
LC.GFE,20240409,LC2407.GFE
LC.GFE,20240408,LC2407.GFE
LC.GFE,20240403,LC2407.GFE
LC.GFE,20240402,LC2407.GFE
LC.GFE,20240401,LC2407.GFE
LC.GFE,20240329,LC2407.GFE
LC.GFE,20240328,LC2407.GFE
LC.GFE,20240327,LC2407.GFE
LC.GFE,20240326,LC2407.GFE
LC.GFE,20240325,LC2407.GFE
LC.GFE,20240322,LC2407.GFE
LC.GFE,20240321,LC2407.GFE
LC.GFE,20240320,LC2407.GFE
LC.GFE,20240319,LC2407.GFE
LC.GFE,20240318,LC2407.GFE
LC.GFE,20240315,LC2407.GFE
LC.GFE,20240314,LC2407.GFE
LC.GFE,20240313,LC2407.GFE
LC.GFE,20240312,LC2407.GFE
LC.GFE,20240311,LC2407.GFE
LC.GFE,20240308,LC2407.GFE
LC.GFE,20240307,LC2407.GFE
LC.GFE,20240306,LC2407.GFE
LC.GFE,20240305,LC2407.GFE
LC.GFE,20240304,LC2407.GFE
LC.GFE,20240301,LC2407.GFE
LC.GFE,20240229,LC2407.GFE
LC.GFE,20240228,LC2407.GFE
LC.GFE,20240227,LC2407.GFE
LC.GFE,20240226,LC2407.GFE
LC.GFE,20240223,LC2407.GFE
LC.GFE,20240222,LC2407.GFE
LC.GFE,20240221,LC2407.GFE
LC.GFE,20240220,LC2407.GFE
LC.GFE,20240219,LC2407.GFE
LC.GFE,20240208,LC2407.GFE
LC.GFE,20240207,LC2407.GFE
LC.GFE,20240206,LC2407.GFE
LC.GFE,20240205,LC2407.GFE
LC.GFE,20240202,LC2407.GFE
LC.GFE,20240201,LC2407.GFE
LC.GFE,20240131,LC2407.GFE
LC.GFE,20240130,LC2407.GFE
LC.GFE,20240129,LC2407.GFE
LC.GFE,20240126,LC2407.GFE
LC.GFE,20240125,LC2407.GFE
LC.GFE,20240124,LC2407.GFE
LC.GFE,20240123,LC2407.GFE
LC.GFE,20240122,LC2407.GFE
LC.GFE,20240119,LC2407.GFE
LC.GFE,20240118,LC2407.GFE
LC.GFE,20240117,LC2407.GFE
LC.GFE,20240116,LC2407.GFE
LC.GFE,20240115,LC2407.GFE
LC.GFE,20240112,LC2407.GFE
LC.GFE,20240111,LC2407.GFE
LC.GFE,20240110,LC2407.GFE
LC.GFE,20240109,LC2407.GFE
LC.GFE,20240108,LC2407.GFE
LC.GFE,20240105,LC2407.GFE
LC.GFE,20240104,LC2407.GFE
LC.GFE,20240103,LC2407.GFE
LC.GFE,20240102,LC2407.GFE
LC.GFE,20231229,LC2407.GFE
LC.GFE,20231228,LC2407.GFE
LC.GFE,20231227,LC2407.GFE
LC.GFE,20231226,LC2407.GFE
LC.GFE,20231225,LC2407.GFE
LC.GFE,20231222,LC2407.GFE
LC.GFE,20231221,LC2407.GFE
LC.GFE,20231220,LC2407.GFE
LC.GFE,20231219,LC2407.GFE
LC.GFE,20231218,LC2407.GFE
LC.GFE,20231215,LC2407.GFE
LC.GFE,20231214,LC2407.GFE
LC.GFE,20231213,LC2407.GFE
LC.GFE,20231212,LC2407.GFE
LC.GFE,20231211,LC2407.GFE
LC.GFE,20231208,LC2407.GFE
LC.GFE,20231207,LC2401.GFE
LC.GFE,20231206,LC2401.GFE
LC.GFE,20231205,LC2401.GFE
LC.GFE,20231204,LC2401.GFE
LC.GFE,20231201,LC2401.GFE
LC.GFE,20231130,LC2401.GFE
LC.GFE,20231129,LC2401.GFE
LC.GFE,20231128,LC2401.GFE
LC.GFE,20231127,LC2401.GFE
LC.GFE,20231124,LC2401.GFE
LC.GFE,20231123,LC2401.GFE
LC.GFE,20231122,LC2401.GFE
LC.GFE,20231121,LC2401.GFE
LC.GFE,20231120,LC2401.GFE
LC.GFE,20231117,LC2401.GFE
LC.GFE,20231116,LC2401.GFE
LC.GFE,20231115,LC2401.GFE
LC.GFE,20231114,LC2401.GFE
LC.GFE,20231113,LC2401.GFE
LC.GFE,20231110,LC2401.GFE
LC.GFE,20231109,LC2401.GFE
LC.GFE,20231108,LC2401.GFE
LC.GFE,20231107,LC2401.GFE
LC.GFE,20231106,LC2401.GFE
LC.GFE,20231103,LC2401.GFE
LC.GFE,20231102,LC2401.GFE
LC.GFE,20231101,LC2401.GFE
LC.GFE,20231031,LC2401.GFE
LC.GFE,20231030,LC2401.GFE
LC.GFE,20231027,LC2401.GFE
LC.GFE,20231026,LC2401.GFE
LC.GFE,20231025,LC2401.GFE
LC.GFE,20231024,LC2401.GFE
LC.GFE,20231023,LC2401.GFE
LC.GFE,20231020,LC2401.GFE
LC.GFE,20231019,LC2401.GFE
LC.GFE,20231018,LC2401.GFE
LC.GFE,20231017,LC2401.GFE
LC.GFE,20231016,LC2401.GFE
LC.GFE,20231013,LC2401.GFE
LC.GFE,20231012,LC2401.GFE
LC.GFE,20231011,LC2401.GFE
LC.GFE,20231010,LC2401.GFE
LC.GFE,20231009,LC2401.GFE
LC.GFE,20230928,LC2401.GFE
LC.GFE,20230927,LC2401.GFE
LC.GFE,20230926,LC2401.GFE
LC.GFE,20230925,LC2401.GFE
LC.GFE,20230922,LC2401.GFE
LC.GFE,20230921,LC2401.GFE
LC.GFE,20230920,LC2401.GFE
LC.GFE,20230919,LC2401.GFE
LC.GFE,20230918,LC2401.GFE
LC.GFE,20230915,LC2401.GFE
LC.GFE,20230914,LC2401.GFE
LC.GFE,20230913,LC2401.GFE
LC.GFE,20230912,LC2401.GFE
LC.GFE,20230911,LC2401.GFE
LC.GFE,20230908,LC2401.GFE
LC.GFE,20230907,LC2401.GFE
LC.GFE,20230906,LC2401.GFE
LC.GFE,20230905,LC2401.GFE
LC.GFE,20230904,LC2401.GFE
LC.GFE,20230901,LC2401.GFE
LC.GFE,20230831,LC2401.GFE
LC.GFE,20230830,LC2401.GFE
LC.GFE,20230829,LC2401.GFE
LC.GFE,20230828,LC2401.GFE
LC.GFE,20230825,LC2401.GFE
LC.GFE,20230824,LC2401.GFE
LC.GFE,20230823,LC2401.GFE
LC.GFE,20230822,LC2401.GFE
LC.GFE,20230821,LC2401.GFE
LC.GFE,20230818,LC2401.GFE
LC.GFE,20230817,LC2401.GFE
LC.GFE,20230816,LC2401.GFE
LC.GFE,20230815,LC2401.GFE
LC.GFE,20230814,LC2401.GFE
LC.GFE,20230811,LC2401.GFE
LC.GFE,20230810,LC2401.GFE
LC.GFE,20230809,LC2401.GFE
LC.GFE,20230808,LC2401.GFE
LC.GFE,20230807,LC2401.GFE
LC.GFE,20230804,LC2401.GFE
LC.GFE,20230803,LC2401.GFE
LC.GFE,20230802,LC2401.GFE
LC.GFE,20230801,LC2401.GFE
LC.GFE,20230731,LC2401.GFE
LC.GFE,20230728,LC2401.GFE
LC.GFE,20230727,LC2401.GFE
LC.GFE,20230726,LC2401.GFE
LC.GFE,20230725,LC2401.GFE
LC.GFE,20230724,LC2401.GFE
LC.GFE,20230721,LC2401.GFE
